{"schema":5,"addons":[{"id":"vimperator@mozdev.org","icons":{"32":"https://addons.cdn.mozilla.net/img/uploads/addon_icons/4/4891-32.png?modified=1354179420","64":"https://addons.cdn.mozilla.net/img/uploads/addon_icons/4/4891-64.png?modified=1354179420"},"type":"extension","name":"Vimperator","version":"3.8.2","creator":{"name":"maxauthority","url":"https://addons.mozilla.org/en-US/firefox/user/maxauthority/?src=api"},"description":"Make Firefox look and behave like Vim","fullDescription":"Vimperator is a free browser add-on for Firefox, which makes it look and behave like the Vim text editor. It has similar key bindings and you could call it a modal web browser, as key bindings differ according to which mode you are in. For example, it has a special Hint mode, where you can follow links easily with the keyboard only. Also most functionality is available as commands, typing :back will go back within the current page history, just like hitting the back button in the toolbar.\n\nBut Vimperator is more than just a simple command interface to Firefox — it is a complete development environment as well. If you are a web developer, you can enjoy an interactive JavaScript shell — even with completion support. Or if you want to extend Vimperator, you can easily do that by just dropping a JavaScript file in its plugin directory.\n\nVimperator was initially written by Martin Stubenschrott but has found many other contributors in the meanwhile.\n\n=== Features ===\n\n* Vim-like keybindings (h, j, k, l, gg, G, 0, $, ZZ, , etc.)\n* Ex commands (:quit, :open www.foo.com, ...)\n* Tab completion available for all commands with support for 'longest' matching when set in 'wildmode'\n* Extensions! Yes, you can extend Vimperator's functionality with scripts just like you can extend Firefox with extensions.\n* Explore JavaScript objects with :echo window and even context-sensitive tab completion.\n* Hit-a-hint like navigation of links (start with f to follow a link)\n* Advanced completion of bookmark and history URLs (searching also in title, not only URL)\n* Vim-like statusline with a wget-like progress bar\n* Minimal GUI (easily hide useless menubar and toolbar with :set guioptions=)\n* Ability to :source JavaScript files, and to use a ~/.vimperatorrc file\n* Easy quick searches (:open foo will search for \"foo\" in google, :open ebay terminator will search for \"terminator\" on ebay) with support for Firefox keyword bookmarks and search engines\n* Count supported for many commands (3 will go back 3 pages)\n* Beep on errors\n* Marks support (ma to set mark 'a' on a webpage, 'a to go there)\n* QuickMarks support (quickly go to previously marked web pages with go{a-zA-Z0-9})\n* :map and :command support (and feedkeys() for script writers)\n* :time support for profiling\n* Move the text cursor and select text with vim keys and a visual mode.\n* External editor support\n* Macros to replay key strokes\n* AutoCommands to execute action on certain events\n* A comprehensive :help, explaining all commands, mappings and options.\n* Much more...","developerComments":null,"eula":null,"screenshots":[{"url":"https://addons.cdn.mozilla.net/img/uploads/previews/full/58/58919.png?src=api&modified=1307310916","width":"568","height":"525","thumbnailURL":"https://addons.cdn.mozilla.net/img/uploads/previews/thumbs/58/58919.png?src=api&modified=1307310916","thumbnailWidth":"162","thumbnailHeight":"150","caption":"Hints allow to follow links with the keyboard"},{"url":"https://addons.cdn.mozilla.net/img/uploads/previews/full/58/58920.png?src=api&modified=1307310916","width":"568","height":"525","thumbnailURL":"https://addons.cdn.mozilla.net/img/uploads/previews/thumbs/58/58920.png?src=api&modified=1307310916","thumbnailWidth":"162","thumbnailHeight":"150","caption":"Vimperator's completion system"},{"url":"https://addons.cdn.mozilla.net/img/uploads/previews/full/58/58921.png?src=api&modified=1307310916","width":"568","height":"525","thumbnailURL":"https://addons.cdn.mozilla.net/img/uploads/previews/thumbs/58/58921.png?src=api&modified=1307310916","thumbnailWidth":"162","thumbnailHeight":"150","caption":"Exploring the DOM of the web page"}],"homepageURL":"http://www.vimperator.org/","learnmoreURL":"https://addons.mozilla.org/en-US/firefox/addon/vimperator/?src=api","supportURL":"http://www.vimperator.org","contributionURL":"https://addons.mozilla.org/en-US/firefox/addon/vimperator/developers?src=api","contributionAmount":"$10.00","averageRating":5,"reviewCount":155,"reviewURL":"https://addons.mozilla.org/en-US/firefox/addon/vimperator/reviews/?src=api","totalDownloads":583421,"weeklyDownloads":1763,"dailyUsers":27378,"sourceURI":"https://addons.mozilla.org/firefox/downloads/file/243918/vimperator-3.8.2-fx.xpi?src=api","repositoryStatus":4,"size":596234,"updateDate":1392540439000,"isPlatformCompatible":true},{"id":"firegestures@xuldev.org","icons":{"32":"https://addons.cdn.mozilla.net/img/uploads/addon_icons/6/6366-32.png?modified=1393514429","64":"https://addons.cdn.mozilla.net/img/uploads/addon_icons/6/6366-64.png?modified=1393514429"},"type":"extension","name":"FireGestures","version":"1.8.7","creator":{"name":"Gomita","url":"https://addons.mozilla.org/en-US/firefox/user/gomita/?src=api"},"description":"A customizable mouse gestures extension which enables to execute various commands and user scripts with six types of gestures.","fullDescription":"You can execute various commands and user scripts with six types of mouse gestures:\n- Mouse Gestures (Move mouse with holding right-click)\n- Wheel Gestures (Scroll wheel with holding right-click)\n- Rocker Gestures (Left-click with holding right-click and vice versa)\n- Keypress Gestures (Mouse gesture with holding Ctrl / Shift key)\n- Tab Wheel Gestures (Scrolling wheel on the tab bar)\n- Swipe Gestures (3 or 4 fingers multi-touch on Mac's trackpad)\n\nAdditionally, you can install and make your own scripts to add functions. For more details, please visit the homepage.\nhttp://www.xuldev.org/firegestures/","developerComments":"FireGestures 1.7.8 has a critical bug with Italian, Portuguese (Brazil) and Slovak localizations.\nIf you have installed ver.1.7.8, please update to 1.7.9 from:\nhttps://addons.mozilla.org/firefox/addon/firegestures/versions/","eula":null,"screenshots":[{"url":"https://addons.cdn.mozilla.net/img/uploads/previews/full/110/110846.png?src=api&modified=1376393253","width":"700","height":"525","thumbnailURL":"https://addons.cdn.mozilla.net/img/uploads/previews/thumbs/110/110846.png?src=api&modified=1376393253","thumbnailWidth":"200","thumbnailHeight":"150","caption":"Mouse Gesture on Browser Window"},{"url":"https://addons.cdn.mozilla.net/img/uploads/previews/full/110/110847.png?src=api&modified=1376393253","width":"700","height":"525","thumbnailURL":"https://addons.cdn.mozilla.net/img/uploads/previews/thumbs/110/110847.png?src=api&modified=1376393253","thumbnailWidth":"200","thumbnailHeight":"150","caption":"Mouse Gesture on View Source Window"},{"url":"https://addons.cdn.mozilla.net/img/uploads/previews/full/110/110848.png?src=api&modified=1376393253","width":"467","height":"525","thumbnailURL":"https://addons.cdn.mozilla.net/img/uploads/previews/thumbs/110/110848.png?src=api&modified=1376393253","thumbnailWidth":"133","thumbnailHeight":"150","caption":"Options (1)"},{"url":"https://addons.cdn.mozilla.net/img/uploads/previews/full/110/110849.png?src=api&modified=1376393253","width":"467","height":"525","thumbnailURL":"https://addons.cdn.mozilla.net/img/uploads/previews/thumbs/110/110849.png?src=api&modified=1376393253","thumbnailWidth":"133","thumbnailHeight":"150","caption":"Options (2)"},{"url":"https://addons.cdn.mozilla.net/img/uploads/previews/full/110/110850.png?src=api&modified=1376393254","width":"467","height":"525","thumbnailURL":"https://addons.cdn.mozilla.net/img/uploads/previews/thumbs/110/110850.png?src=api&modified=1376393254","thumbnailWidth":"133","thumbnailHeight":"150","caption":"Options (3)"},{"url":"https://addons.cdn.mozilla.net/img/uploads/previews/full/110/110851.png?src=api&modified=1376393254","width":"467","height":"525","thumbnailURL":"https://addons.cdn.mozilla.net/img/uploads/previews/thumbs/110/110851.png?src=api&modified=1376393254","thumbnailWidth":"133","thumbnailHeight":"150","caption":"Options (4)"}],"homepageURL":"http://www.xuldev.org/firegestures/","learnmoreURL":"https://addons.mozilla.org/en-US/firefox/addon/firegestures/?src=api","supportURL":"http://www.xuldev.org/firegestures/","contributionURL":"https://addons.mozilla.org/en-US/firefox/addon/firegestures/developers?src=api","contributionAmount":"$2.99","averageRating":4,"reviewCount":735,"reviewURL":"https://addons.mozilla.org/en-US/firefox/addon/firegestures/reviews/?src=api","totalDownloads":9930723,"weeklyDownloads":16045,"dailyUsers":422571,"sourceURI":"https://addons.mozilla.org/firefox/downloads/file/263868/firegestures-1.8.7-fx.xpi?src=api","repositoryStatus":4,"size":394918,"updateDate":1404116909000,"isPlatformCompatible":true},{"id":"bookmark@hatena.ne.jp","icons":{"32":"https://addons.cdn.mozilla.net/img/uploads/addon_icons/11/11285-32.png?modified=1311227645","64":"https://addons.cdn.mozilla.net/img/uploads/addon_icons/11/11285-64.png?modified=1311227645"},"name":"Hatena Bookmark","type":"extension","version":"2.3.5","repositoryStatus":4,"creator":{"name":"Hatena Co. Ltd.","url":"https://addons.mozilla.org/en-US/firefox/user/hatena-inc/?src=api"},"description":"はてなブックマーク用の公式 Firefox アドオンです。はてなブックマーク (http://b.hatena.ne.jp/) は株式会社はてなが提供する、日本国内最大のソーシャル・ブックマークサービスです。会社で見つけたサイトをオンラインにブックマーク、家に帰ってゆっくり見たいというニーズに応えると同時に、ブックマークを他のユーザーと共有し、これまでにない新しい情報体験を提供します。","fullDescription":"はてなブックマーク用の公式 Firefox アドオンです。はてなブックマーク (http://b.hatena.ne.jp/) は株式会社はてなが提供する、日本国内最大のソーシャル・ブックマークサービスです。会社で見つけたサイトをオンラインにブックマーク、家に帰ってゆっくり見たいというニーズに応えると同時に、ブックマークを他のユーザーと共有し、これまでにない新しい情報体験を提供します。\n\n本Firefoxアドオンは、オンラインのはてなブックマークに保存したブックマークをFirefoxブラウザに統合します。これによりオンラインに保存されたブックマークをFirefoxブラウザから直接扱うことができるようになります。ブラウザのロケーションバーからのブックマークの高速な検索、サイドバーへのブックマーク一覧表示機能、ブックマーク追加/編集用の軽快なユーザーインタフェース、ステータスバーへのブックマーク情報の追加、瞬時にコメントが確認できるコメントビューワー、ブラウザとオンラインデータの同期など多数の機能を提供します。\n\nはてなブックマークを既にお使いの方にはもちろん、ブラウザのブックマーク機能をより便利に使いたい方にもおすすめです。\n\n\n** 詳しい説明\n\nはてなブックマーク (http://b.hatena.ne.jp/) は株式会社はてなが提供する、日本国内最大のソーシャル・ブックマークサービスです。本Firefoxアドオンは、オンラインのはてなブックマークに保存したブックマークをFirefoxブラウザに統合します。\n\n本Firefoxアドオンはお使いのブラウザに以下の機能を追加します。\n\n* はてなブックマークに保存したブックマークデータとの同期機能。オンラインデータをブラウザに取り込みます\n* ツールバー ･･･ 各種基本操作ボタン、最近のブックマークや特定のタグで絞り込んだブックマークを表示するツールバー\n* サイドバー ･･･ これまでに利用したタグを管理するツリービューワーとブックマークの一覧、ブックマーク検索機能\n* ロケーションバーからの検索 ･･･ ロケーションバーからブックマークをインクリメンタル検索\n* はてなブックマーク追加・編集インタフェース ･･･ ブラウザ組み込みの軽快なブックマーク追加・編集ウィンドウ\n* ステータスバー ･･･ 閲覧中のページの被ブックマーク数をお知らせ。コメントを一覧できるコメントビューワー\n* コンテキストメニュー拡張 ･･･ 右クリックからはてなブックマークの各種操作へダイレクトアクセス\n\nこれらの機能により、まるでブラウザのブックマークを操作するかのようにオンライン上のブックマークを操作できる、新しいユーザー体験を提供します。\n\nアドオンのインストール方法、各機能の操作方法などより詳しくははてなブックマーク上のオンラインヘルプ http://b.hatena.ne.jp/help/firefox_addon を参照してください。またはてなブックマークについてより詳しく知りたい場合はオンラインヘルプ http://b.hatena.ne.jp/help を参照してください。\n\n本Firefoxアドオンは github を用いてオープンソースで開発されています。開発に興味のある方は http://github.com/hatena/hatena-bookmark-xul/tree/master をご覧ください。","isPlatformCompatible":true,"eula":"この利用規約（以下「本規約」）は、当社が配布するFirefox拡張（以下「本ソフトウェア」）の使用に関して、ユーザーの皆様（以下「ユーザー」）と株式会社はてな（以下「当社」）との間で合意するものです。ユーザーは、はてな利用規約ならびに本規約に従い本ソフトウェアを利用するものとします。本ソフトウェアインストール時に画面上に表示される「同意する」ボタンを押した場合、本規約に同意されたものとさせて頂きます。\n\n* 第1条（本ソフトウェアの使用許諾）\n* 第2条（使用許諾の内容）\n* 第3条（プライバシー）\n* 第4条（バージョンアップ）\n* 第5条（使用中止）\n* 第6条（著作権など）\n* 第7条（免責事項）\n* 第8条（本規約の変更）\n* 第9条（準拠法及び管轄）\n\n第1条（本ソフトウェアの使用許諾）\n\n1. 当社は、本ソフトウェアをダウンロードされたユーザーに対し、はてな利用規約ならびに本規約に定める条件に従い、本ソフトウェアの譲渡不能かつ非独占的な使用権を許諾します。\n2. ユーザーは、本ソフトウェアを個人的な目的に限り利用できます。\n3. 本ソフトウェアは、ユーザーがコンピュータにインストールすることにより、無料で利用することができます。但し、当社はユーザーのインターネット環境やコンピュータの設備環境について一切関与せず、これらの準備、操作に関する責任を負いません。\n\n第2条（使用許諾の内容）\n\n1. 本ソフトウェア運用上、本ソフトウェアの表示レイアウト、表示色、表示文字等（表示レイアウト、表示色、表示文字に限らず本ソフトウェア上表示されるもの）並びに視認できる表示以外の表示に必要とされるプログラムデータ及びこれに関連したドキュメントファイル等は当社が定める日時において予告なく自動的に変更・更新される場合があります。\n2. 当社は、本ソフトウェアと他のソフトウェアとの互換性について何ら保証いたしません。\n3. 本ソフトウェアは、ユーザーの使用環境により使用できない場合（一部機能を使用できない場合を含む）があります。\n\n第3条（プライバシー）\n\n1. 当社は、本サービスを提供するにあたり必要となる最小限の情報をユーザーから取得します。当社は、ユーザーから取得したプライバシー情報の保護に最大限の注意を払います。当社のプライバシーに対する考え方の詳細については、プライバシーポリシーを参照ください。\n\n　 2. 本ソフトウェアは Firefox 内にユーザーの利用しているはてなブックマークのデータをダウンロードします。PCを共有する第三者にはてなブックマークのデータを閲覧される場合がありますが、当社は一切の責任を負いません。\n\n第4条（バージョンアップ）\n\n1. 本ソフトウェアは、バージョンアップをおこなうことがあります。バージョンアップがおこなわれた本ソフトウェアについても、本規約が適用されるものとします。\n2. バージョンアップについての告知はユーザーに対し、個別におこなわれるものではありません。\n\n第5条（使用中止）\n\n1. 本ソフトウェアは、当社側の事情により、機能の一部又は全部の使用を中止させて頂くことがあります。\n2. ユーザーが、本規約に定める事項の一つにでも違反した場合、当社は、何らの事前の通知を行うことなく、ユーザーに対して本ソフトウェアの使用の中止を求めることができるものとします。\n\n第6条（著作権など）\n\n1. 本ソフトウェアの権利は、すべて当社に帰属するものとします。但し、ソースコードに別途ライセンス条項が記載されている場合は、そちらが優先されます。\n\n第7条（免責事項）\n\n1. ユーザーは、自己責任において本ソフトウェアを利用するものとします。当社は、本ソフトウェアの利用から生じるあらゆる損害について、故意又は重大な過失があるときを除き、一切の責任を負いません。本ソフトウェアを使用した結果発生した、あるいは使用できないことによって発生したすべての損害や不利益（利益の逸失およびデータの損壊を含む）に対して、当社は、故意又は重大な過失があるときを除き、一切責任を負いません。\n2. 当社は、本ソフトウェアの保守、瑕疵修正、バージョンアップをおこないますが、本ソフトウェアの内容、性能、安全性、利用結果についていかなる保証もおこないません。\n\n第8条（本規約の変更）\n\n1. 本規約は、予告なしに変更されることがあります。ユーザーの皆様に個別通知することは致しかねますので、ご利用の際には、随時、最新の利用規約を参照ください。\n\n第9条（準拠法及び管轄）\n\n1. 本規約の準拠法は、日本法であり、東京地方裁判所を専属的合意管轄裁判所とします。\n\n* （2009年4月2日作成）","screenshots":[{"url":"https://addons.cdn.mozilla.net/img/uploads/previews/full/31/31021.png?src=api&modified=1331247702","thumbnailURL":"https://addons.cdn.mozilla.net/img/uploads/previews/thumbs/31/31021.png?src=api&modified=1331247702"}],"averageRating":4,"learnmoreURL":"https://addons.mozilla.org/en-US/firefox/addon/hatena-bookmark/?src=api","homepageURL":"http://b.hatena.ne.jp/guide/firefox_addon","sourceURI":"https://addons.mozilla.org/firefox/downloads/file/228903/hatena_bookmark-2.3.5-fx.xpi?src=api","size":269685,"developerComments":null,"reviewURL":"https://addons.mozilla.org/en-US/firefox/addon/hatena-bookmark/reviews/?src=api","reviewCount":18,"totalDownloads":327247,"weeklyDownloads":283,"dailyUsers":14193,"updateDate":1380170461000,"supportURL":"http://i.hatena.ne.jp/idealist?did=29"}]}