{"schemaVersion":16,"addons":[{"id":"{972ce4c6-7e08-4474-a285-3208198ce6fd}","syncGUID":"DmBtH7oI2DMP","location":"app-global","version":"31.0","type":"theme","internalName":"classic/1.0","updateURL":null,"updateKey":null,"optionsURL":null,"optionsType":null,"aboutURL":null,"iconURL":null,"icon64URL":null,"defaultLocale":{"name":"Default","description":"The default theme.","creator":"Mozilla","homepageURL":null,"contributors":["Mozilla Contributors"]},"visible":true,"active":true,"userDisabled":false,"appDisabled":false,"descriptor":"/opt/homebrew-cask/Caskroom/firefox/latest/Firefox.app/Contents/MacOS/browser/extensions/{972ce4c6-7e08-4474-a285-3208198ce6fd}","installDate":1405567571000,"updateDate":1405567571000,"applyBackgroundUpdates":1,"skinnable":true,"size":3504,"sourceURI":null,"releaseNotesURI":null,"softDisabled":false,"foreignInstall":false,"hasBinaryComponents":false,"strictCompatibility":true,"locales":[],"targetApplications":[{"id":"{ec8030f7-c20a-464f-9b0e-13a3a9e97384}","minVersion":"31.0","maxVersion":"31.0"}],"targetPlatforms":[]},{"id":"vimperator@mozdev.org","syncGUID":"n5_vPUpviz3b","location":"app-profile","version":"3.8.2","type":"extension","internalName":null,"updateURL":null,"updateKey":null,"optionsURL":"chrome://liberator/content/preferences.xul","optionsType":null,"aboutURL":null,"iconURL":"chrome://vimperator/skin/icon.png","icon64URL":null,"defaultLocale":{"name":"Vimperator","description":"Vimperator adds an efficient, Vim-inspired user interface on top of Firefox","creator":"Martin Stubenschrott","homepageURL":"http://vimperator.org"},"visible":true,"active":true,"userDisabled":false,"appDisabled":false,"descriptor":"/Users/tokorom/FireFox/extensions/vimperator@mozdev.org.xpi","installDate":1406881861000,"updateDate":1406881861000,"applyBackgroundUpdates":1,"bootstrap":false,"size":1509840,"sourceURI":"https://addons.mozilla.org/firefox/downloads/file/243918/vimperator-3.8.2-fx.xpi?src=dp-btn-primary","releaseNotesURI":null,"softDisabled":false,"foreignInstall":false,"hasBinaryComponents":false,"strictCompatibility":false,"locales":[],"targetApplications":[{"id":"{ec8030f7-c20a-464f-9b0e-13a3a9e97384}","minVersion":"17.0","maxVersion":"29.0"}],"targetPlatforms":[]},{"id":"firegestures@xuldev.org","syncGUID":"2t-OA40gxBEM","location":"app-profile","version":"1.8.7","type":"extension","internalName":null,"updateURL":null,"updateKey":null,"optionsURL":"chrome://firegestures/content/prefs.xul","optionsType":null,"aboutURL":null,"iconURL":null,"icon64URL":null,"defaultLocale":{"name":"FireGestures","description":"Executes various commands with mouse gestures.","creator":"Gomita","homepageURL":"http://www.xuldev.org/firegestures/","contributors":["tsukkee (testing with Mac OS X)"]},"visible":true,"active":true,"userDisabled":false,"appDisabled":false,"descriptor":"/Users/tokorom/FireFox/extensions/firegestures@xuldev.org.xpi","installDate":1406881881000,"updateDate":1406881881000,"applyBackgroundUpdates":1,"bootstrap":false,"size":366636,"sourceURI":"https://addons.mozilla.org/firefox/downloads/latest/6366/addon-6366-latest.xpi?src=dp-btn-primary","releaseNotesURI":null,"softDisabled":false,"foreignInstall":false,"hasBinaryComponents":false,"strictCompatibility":false,"locales":[{"locales":["ja"],"name":"FireGestures","description":"マウスジェスチャによって様々なコマンドを実行します。","creator":"ごみた","homepageURL":"http://www.xuldev.org/firegestures/"},{"locales":["ar"],"name":"FireGestures","description":"Executes various commands with mouse gestures.","creator":"Gomita","homepageURL":"http://www.xuldev.org/firegestures/","translators":["zombiezoom"]},{"locales":["cs-CZ"],"name":"FireGestures","description":"Slouží ke spouštění různých příkazů za pomoci myších gest.","creator":"Gomita","homepageURL":"http://www.xuldev.org/firegestures/","translators":["MartinZubek"]},{"locales":["da"],"name":"FireGestures","description":"Executes various commands with mouse gestures.","creator":"Gomita","homepageURL":"http://www.xuldev.org/firegestures/","translators":["Joergen"]},{"locales":["de"],"name":"FireGestures","description":"Führt verschiedene Aktionen mit Hilfe von Mausgesten aus","creator":"Gomita","homepageURL":"http://www.xuldev.org/firegestures/","translators":["PAB"]},{"locales":["es-AR"],"name":"FireGestures","description":"Ejecuta varios comandos con gestos del mouse","creator":"Gomita","homepageURL":"http://www.xuldev.org/firegestures/","translators":["odliam"]},{"locales":["es-ES"],"name":"FireGestures","description":"Ejecuta diferentes comandos usando gestos del ratón.","creator":"Gomita","homepageURL":"http://www.xuldev.org/firegestures/","translators":["chuzo"]},{"locales":["es-MX"],"name":"FireGestures","description":"Executes various commands with mouse gestures.","creator":"Gomita","homepageURL":"http://www.xuldev.org/firegestures/","translators":["ZuGro"]},{"locales":["et-EE"],"name":"FireGestures","description":"Käivitab erinevaid käsklusi hiirežestidest.","creator":"Gomita","homepageURL":"http://www.xuldev.org/firegestures/","translators":["Grunt"]},{"locales":["fi-FI"],"name":"FireGestures","description":"Suorita eri toimintoja hiirieleillä.","creator":"Gomita","homepageURL":"http://www.xuldev.org/firegestures/","translators":["bscd"]},{"locales":["fr"],"name":"FireGestures","description":"Exécuter des commandes grâce à des mouvements de souris.","creator":"Gomita","homepageURL":"http://www.xuldev.org/firegestures/","translators":["myahoo"]},{"locales":["he"],"name":"FireGestures","description":"Executes various commands with mouse gestures.","creator":"Gomita","homepageURL":"http://www.xuldev.org/firegestures/","translators":["SiiiE"]},{"locales":["hu-HU"],"name":"FireGestures","description":"Különféle parancsokat hajt végre egérmozdulatok hatására.","creator":"Gomita","homepageURL":"http://www.xuldev.org/firegestures/","translators":["kami"]},{"locales":["ko-KR"],"name":"FireGestures","description":"마우스 동작으로 다양한 명령을 실행합니다.","creator":"Gomita","homepageURL":"http://www.xuldev.org/firegestures/","translators":["wtspout"]},{"locales":["lt"],"name":"FireGestures","description":"Executes various commands with mouse gestures.","creator":"Gomita","homepageURL":"http://www.xuldev.org/firegestures/","translators":["gymka"]},{"locales":["nb-NO"],"name":"FireGestures","description":"Utfør kommandoer med musebevegelser","creator":"Gomita","homepageURL":"http://www.xuldev.org/firegestures/","translators":["gandhi2"]},{"locales":["nl"],"name":"FireGestures","description":"Voert verschillende opdrachten uit met muisgebaren.","creator":"Gomita","homepageURL":"http://www.xuldev.org/firegestures/","translators":["Ruffnekk"]},{"locales":["pl"],"name":"FireGestures","description":"Wykonuje różne polecenia za pomocą gestów myszy.","creator":"Gomita","homepageURL":"http://www.xuldev.org/firegestures/","translators":["teo"]},{"locales":["ro"],"name":"FireGestures","description":"Execută numeroase comenzi prin mişcarea mausului","creator":"Gomita","homepageURL":"http://www.xuldev.org/firegestures/","translators":["x10firefox"]},{"locales":["ru-RU"],"name":"FireGestures","description":"Выполнение различных команд с помощью жестов мышью.","creator":"Gomita","homepageURL":"http://www.xuldev.org/firegestures/","translators":["Quicksilver tears"]},{"locales":["sr"],"name":"FireGestures","description":"Извршавање разних наредбе гестикулацијом мишем.","creator":"Gomita","homepageURL":"http://www.xuldev.org/firegestures/","translators":["DakSrbija"]},{"locales":["sv-SE"],"name":"FireGestures","description":"Utför olika kommandon m.h.a. musgester.","creator":"Gomita","homepageURL":"http://www.xuldev.org/firegestures/","translators":["Mikael Hiort af Ornäs"]},{"locales":["tr"],"name":"FireGestures","description":"Birçok komutu fare hareketi ile çalıştırır.","creator":"Gomita","homepageURL":"http://www.xuldev.org/firegestures/","translators":["efecan"]},{"locales":["vi"],"name":"FireGestures","description":"Thực hiện lệnh chỉ bằng cách lắc chuột.","creator":"Gomita","homepageURL":"http://www.xuldev.org/firegestures/","translators":["loveleeyoungae"]},{"locales":["zh-CN"],"name":"FireGestures","description":"用鼠标手势执行命令.","creator":"Gomita","homepageURL":"http://www.xuldev.org/firegestures/","translators":["Cye3s"]},{"locales":["zh-TW"],"name":"FireGestures","description":"用滑鼠手勢劃出各種功能。","creator":"Gomita","homepageURL":"http://www.xuldev.org/firegestures/","translators":["babeldown","josesun","Nelson"]}],"targetApplications":[{"id":"{ec8030f7-c20a-464f-9b0e-13a3a9e97384}","minVersion":"24.0","maxVersion":"33.0a1"}],"targetPlatforms":[]},{"id":"bookmark@hatena.ne.jp","syncGUID":"qnQ9Up58Kkrq","location":"app-profile","version":"2.3.5","type":"extension","internalName":null,"updateURL":null,"updateKey":null,"optionsURL":"chrome://hatenabookmark/content/config.xul","optionsType":null,"aboutURL":null,"iconURL":"chrome://hatenabookmark/skin/images/favicon32.png","icon64URL":null,"defaultLocale":{"name":"Hatena Bookmark","description":null,"creator":null,"homepageURL":null},"visible":true,"active":true,"userDisabled":false,"appDisabled":false,"descriptor":"/Users/tokorom/FireFox/extensions/bookmark@hatena.ne.jp","installDate":1406881909000,"updateDate":1406881909000,"applyBackgroundUpdates":1,"bootstrap":false,"size":746867,"sourceURI":"https://addons.mozilla.jp/firefox/install/addon-11285-latest.xpi","releaseNotesURI":null,"softDisabled":false,"foreignInstall":false,"hasBinaryComponents":false,"strictCompatibility":false,"locales":[{"locales":["en-US"],"name":"Hatena Bookmark","description":"Hatena Bookmark Firefox Add-on","creator":"Hatena","homepageURL":"http://b.hatena.ne.jp/help/firefox_addon"},{"locales":["ja"],"name":"Hatena Bookmark","description":"はてなブックマークへのブックマーク追加や、高速な検索、ツールバー、サイドバー機能などを提供します","creator":"Hatena","homepageURL":"http://b.hatena.ne.jp/help/firefox_addon"}],"targetApplications":[{"id":"{ec8030f7-c20a-464f-9b0e-13a3a9e97384}","minVersion":"6.0","maxVersion":"22.*"}],"targetPlatforms":[]}]}